STREET,POSTAL CODE
204A ST,V2Z 2A2
252 ST,V1M 3P1
83B AVE,V2Y 0R6
210 ST,V2Z 2G6
0 AVE,V2Z 1T9
196A ST,V1M 3B4
216 ST,V2Y 2N3
64 AVE,V2Y 1M7
78 AVE,V2Y 3K1
208 ST,V2Z 1T7
4 AVE,V2Z 1T6
8 AVE,V2Z 1T5
62 AVE,V3A 5E6
FRASER HWY,V4W 3L6
40 AVE,V4W 1X2
208A ST,V2Y 0G2
240 ST,V2Z 3A6
212 ST,V2Z 1S5
96 AVE,V1M 3C6
200 ST,V2Y 3J4
3 AVE,V2Z 1V8
202 ST,V2Z 1V7
WILLOWBROOK DR,V2Y 1A5
201 ST,V2Y 0G9
56 AVE,V4W 1N9
204 ST,V2Z 1V5
205 ST,V2Y 1N7
1 AVE,V2Z 1V3
92A AVE,V1M 3B3
198 ST,V1M 3J9
GLOVER RD,V1M 0E6
75B AVE,V2Y 3T2
197 ST,V2Y 3T2
LOUIE CR,V1M 3H7
196 ST,V2Y 3T2
98A AVE,V1M 3E3
OLD YALE RD,V2Z 2V3
66 AVE,V2Y 0L4
68 AVE,V2Y 0Y2
ALLARD CRES,V1M 3J8
207A ST,V2Y 0Y1
61 AVE,V2Y 2P2
70A AVE,V2Y 1S9
LOUIE CRES,V1M 3Z9
78A AVE,V2Y 1X4
260 ST,V4W 1J7
36A AVE,V2Z 2J6
77B AVE,V2Y 4K3
GLOUCESTER WAY,V4W 0E1
86 AVE,V2Y 3P8
203A ST,V2Y 3P9
248 ST,V4W 1H9
WILLOUGHBY TOWN CENTRE DR,V2Y 0X7
202B ST,V2Y 4K6
32 AVE,V2Z 2C5
77A AVE,V2Y 4K3
72 AVE,V2Y 3J5
MCKINNON CRES,V1M 3V2
232 ST,V2Z 2R4
65 AVE,V2Y 3K8
WALNUT GROVE DR,V1M 2N7
48A AVE,V3A 3Z8
199A ST,V4W 3E9
236 ST,V2Z 2P4
237 ST,V2Z 2P3
44 AVE,V2Z 1L6
204B ST,V2Y 3N9
206,V2Z 2A4
86A AVE,V1M 3S8
84 AVE,V2Y 3R3
80 AVE,V2Y 3S3
197B ST,V2Y 3H4
68B AVE,V2Y 3H4
83A AVE,V2Y 3P4
34A AVE,V2Z 2H6
272 ST,V4W 1N3
75A AVE,V2Y 4L6
197A ST,V2Y 5K2
207 ST,V2Y 4J2
198B ST,V2Y 5K3
FRANCIS AVE,V1M 0G3
44A AVE,V3A 9J3
203 ST,V2Y 3S1
200A ST,V1M 0B3
36 AVE,V3A 4T7
262B ST,V4W 2Z7
58A AVE,V2Z 1A5
196B PL,V2Y 2W3
27A AVE,V4W 0C4
275 ST,V4W 0C7
227 ST,V2Z 1K6
224,V2Z 2Z3
98 AVE,V1M 3E2
38 AVE,V2Z 2G9
206A ST,V3A 6R9
244 ST,V2Z 1J2
CRUSH CRES,V2Y 2R3
82A AVE,V2Y 0Y9
217A ST,V1M 3S7
78B AVE,V2Y 0X6
52 AVE,V2Y 4K9
29 AVE,V4W 3B8
48 AVE,V3A 8T1
223B ST,V2Y 2V3
209 ST,V1M 3W2
264 ST,V4W 2X3
94A AVE,V1M 3B7
199B ST,V1M 3W9
198A ST,V2Y 3H6
224 ST,V2Y 2M2
26 AVE,V4W 4A4
266A ST,V4W 3G1
72A AVE,V2Y 3E5
91A AVE,V1M 3A2
50 AVE,V2Y 0G7
58 CRES,V4W 3W7
BILLY BROWN RD,V1M 0B7
20 AVE,V2Z 1Z3
77 AVE,V2Y 0L1
MUFFORD CRES,V2Y 2V9
71B AVE,V2Y 3A4
12 AVE,V2Z 1W3
16 AVE,V2Z 1K1
46 AVE,V3A 2M4
69 AVE,V4W 1M6
254 ST,V1M 3N3
274 ST,V4W 0B8
51A AVE,V4W 4A9
24 AVE,V2Z 2A8
210A ST,V2Y 0L1
76A AVE,V2Y 0L1
22 AVE,V2Z 1X4
FERNRIDGE CRES,V2Z 1X4
220 ST,V3A 0G3
264A ST,V4W 3B4
21 AVE,V2Z 1Y8
81A AVE,V2Y 0E8
246B ST,V2Z 1L6
256 ST,V1M 2M8
35B AVE,V4W 0C3
45 AVE,V3A 9H4
72B AVE,V2Y 3M8
47B AVE,V3A 0L3
24A AVE,V4W 3N3
LABONTE,V2Y 2S9
LABONTE AVE,V2Y 2S9
76B AVE,V2Y 3P6
27 AVE,V2Z 1X2
25 AVE,V2Z 2B7
REES LAKE RD,V2Z 2C3
257A ST,V1M 3N4
32A AVE,V3A 0N9
32B AVE,V2Z 2C4
37A AVE,V3A 5N2
74 AVE,V2Y 3R5
199 ST,V2Y 0E2
37 AVE,V3A 2S6
81 AVE,V2Y 3L8
38B AVE,V3A 6H6
201A ST,V3A 1R1
36B AVE,V3A 2S3
37B AVE,V3A 2T3
202A ST,V3A 1T3
39 AVE,V3A 4Z1
73C AVE,V2Y 3R5
203B ST,V3A 6S5
38A AVE,V3A 6V4
205A ST,V3A 2A2
205B ST,V3A 2B2
74B AVE,V2Y 3S8
39A AVE,V3A 4Z2
207B ST,V3A 2G2
33A AVE,V3A 8X5
35 AVE,V3A 2P6
35A AVE,V3A 2R1
42 AVE,V3A 3A3
196B ST,V3A 1A9
41A AVE,V3A 2Z5
43A AVE,V3A 4V3
43 AVE,V3A 8G1
40A AVE,V3A 2Y2
199A CRES,V3A 6G2
42A AVE,V3A 6A4
271 ST,V4W 3H7
41 AVE,V3A 6L2
44B AVE,V3A 4V9
200B ST,V3A 1N9
40B AVE,V3A 5M4
41B AVE,V3A 5N4
209A ST,V3A 8Y7
45A CRES,V3A 7R5
MAYSFIELD CRES,V3A 4M1
45 PL,V3A 8Z8
47 AVE,V3A 3K6
46A AVE,V3A 3K4
215 ST,V3A 2L8
47A AVE,V3A 9G5
215B ST,V3A 8G8
215A ST,V3A 8G8
46B AVE,V3A 9G1
SOUTHRIDGE CRES,V3A 4N6
213 ST,V3A 7X5
213A ST,V3A 8P1
51B AVE,V3A 8H5
50A AVE,V3A 8W5
51 AVE,V3A 8V9
49B AVE,V3A 8P6
214A ST,V3A 8K9
214 ST,V3A 5B7
WILLOWBROOK CONNECTOR,V2Y 1R1
67 AVE,V2Y 1X7
71A AVE,V2Y 1S9
WAKEFIELD DR,V2Y 1J4
196A CRT,V2Y 2W2
WILLOUGHBY WAY,V2Y 1K3
65B PL,V2Y 1K2
WAYBURNE CRES,V2Y 1B6
WILDING CRES,V2Y 1C8
WILDING CRT,V2Y 1E5
102 AVE,V1M 4B4
WOODLAND DR,V2Y 1C2
WILDWOOD DR,V2Y 1C6
WILLOUGHBY CRT,V2Y 1C4
WARREN PL,V2Y 1C3
WINSTON CRT,V2Y 1H5
WAKEFIELD CRT,V2Y 1E4
WILDWOOD CRT,V2Y 1E8
WIGGINS PL,V2Y 1E9
WOODLAND CRT,V2Y 1G1
73A AVE,V2Y 1R9
73B AVE,V2Y 1V8
MORRISON CRES,V2Y 2E7
85A AVE,V1M 2L4
211A ST,V1M 2L6
86A CRES,V1M 2K8
214B ST,V1M 2K7
84B AVE,V1M 2K8
87 PL,V1M 1Z8
87B AVE,V1M 1Z8
85B AVE,V1M 1Z6
87A AVE,V1M 2E4
86 CRT,V1M 2E3
85A CRT,V1M 2G4
85 CRT,V1M 2G3
85A PL,V1M 2G3
85B CRT,V1M 2G4
89A AVE,V1M 1Y5
90 AVE,V1M 1Y6
89 AVE,V1M 1Y5
91B AVE,V1M 2G1
93 AVE,V1M 2L9
94B AVE,V1M 1Y8
93B AVE,V1M 1Y7
206B ST,V1M 1H9
95A AVE,V1M 1H8
93A AVE,V1M 1B8
94 AVE,V1M 1Z1
89B AVE,V1M 2P2
91 AVE,V1M 2P5
90A AVE,V1M 2N2
88A AVE,V1M 1A1
90 CRES,V1M 1A9
92 AVE,V1M 2B4
208B ST,V1M 2C5
209B PL,V1M 1T1
209A CRES,V1M 2B2
93B PL,V1M 1S2
209B CRES,V1M 1X6
92B AVE,V1M 2B2
211B ST,V1M 2C3
95 AVE,V1M 1T3
213A PL,V1M 2H9
214 PL,V1M 2H9
93 PL,V1M 2H8
212B ST,V1M 1L8
212A ST,V1M 1M9
212A PL,V1M 2B9
YEOMANS CRES,V1M 2P8
97 AVE,V1M 2P7
101 AVE,V1M 3G6
100A AVE,V1M 3G4
102B AVE,V1M 3H3
97B AVE,V1M 2K9
97A AVE,V1M 2K1
96B AVE,V1M 2H4
96A AVE,V1M 2H2
261 ST,V4W 2K9
6 AVE,V4W 2K8
5A AVE,V4W 2K6
MURCHIE RD,V2Z 2X9
238 ST,V2Z 2X4
14 AVE,V2Z 2W8
228A ST,V2Z 2W8
231 ST,V2Z 2X1
235 ST,V2Z 2Y1
14A AVE,V2Z 2Y5
237A ST,V2Z 2Y2
10 AVE,V2Z 2Y1
242 ST,V2Z 1L2
11 AVE,V4W 2S7
250A ST,V4W 2S8
250 ST,V4W 2S8
11B AVE,V4W 2S7
19 AVE,V4W 2E6
21B AVE,V4W 2R5
246 ST,V2Z 1G4
29B AVE,V2Z 3B1
230 ST,V2Z 3A9
31B AVE,V4W 2Z6
30A AVE,V4W 2W6
262 ST,V4W 2Z6
221B ST,V2Z 0B5
217 ST,V3A 9B7
217B ST,V3A 9C3
219 ST,V3A 9H5
45A AVE,V3A 9E2
218A ST,V3A 9J2
MURRAYS CRES,V3A 8N1
MONAHAN CRT,V3A 9B1
222A ST,V1M 3S8
219A ST,V3A 9H8
222 ST,V2Z 3C1
223 ST,V2Z 1M5
223A ST,V2Z 1M9
221A ST,V2Z 1A4
BENZ CRES,V2Z 1L5
ROBERTSON CRES,V4W 1W8
233 ST,V2Z 2S3
239 ST,V2Z 2T1
241 ST,V2Z 2M5
MARTINGALE CRES,V2Z 2L6
SADDLEHORN CRES,V2Z 1J6
HITCHINGPOST CRES,V2Z 1J6
247 ST,V2Z 2L8
249B ST,V4W 1S9
53 AVE,V4W 1T1
54 AVE,V4W 1T3
55A AVE,V4W 1T2
49A AVE,V2Z 2M8
242 DR,V2Z 2M9
71 AVE,V2Y 0C5
240B ST,V2Z 2M8
52A AVE,V2Z 2N3
60 AVE,V4W 1V7
55 AVE,V2Z 2N7
55B AVE,V4W 1A9
247A ST,V2Z 1C2
246A ST,V2Z 1H6
245A ST,V2Z 1H5
48B AVE,V2Z 1J1
234 ST,V2Z 2P6
CLOVERMEADOW CRES,V2Z 2R1
WAGON WHEEL CRES,V2Z 2R1
54A AVE,V2Z 2P2
53A AVE,V2Z 2P4
RIVER RD,V1M 3L7
273A ST,V4W 0A9
50B AVE,V3A 8B9
216A ST,V3A 8X2
218 ST,V2Y 1L3
57A AVE,V2Y 2L9
226 ST,V2Y 2L4
62A CRES,V2Y 2G6
236A ST,V2Y 1M2
238A ST,V2Y 1M2
58A PL,V2Z 1A5
237A PL,V2Z 1A7
59 AVE,V2Z 1A6
57 AVE,V2Z 1G6
243 ST,V2Z 2G5
63 AVE,V2Y 2G3
63A CRES,V2Y 2G4
57B AVE,V2Z 1H3
56A AVE,V2Z 1H2
QUEEN ST,V0X 1J0
244B ST,V2Z 1G8
258 ST,V4W 1V3
68A AVE,V2Y 0M2
64B AVE,V4W 3M7
COTTONWOOD LANE,V2Y 2G6
229 ST,V2Y 2J7
NO 10 HWY,V2Y 2J7
MAXWELL CRES,V2Y 2P9
WORRELL CRES,V2Y 1M1
79 AVE,V1M 2P9
73 AVE,V2Y 2S1
75 AVE,V1M 3S1
76B CRES,V1M 2J5
227 CRES,V1M 2J8
253 ST,V4W 1V1
ARMSTRONG RD,V1M 2R3
RAWLISON CRES,V1M 3R6
228B ST,V1M 2J7
26A AVE,V4W 3Z6
100 AVE,V1M 3V1
36A CRES,V4W 1W1
HUDSON BAY ST,V1M 2R9
MARY AVE,V1M 1A0
ST ANDREWS AVE,V1M 1A0
CHURCH ST,V1M 1A0
NEW RIVER RD,V1M 1A0
KING ST,V1M 1A0
ROYAL ST,V1M 1A0
NASH ST,V1M 1A0
SCHOOL RD,V1M 1A0
MAJOR ST,V1M 1A0
TRATTLE ST,V1M 1A0
MACKIE ST,V1M 1A0
BARTLETT ST,V1M 1A0
MOWAT ST,V1M 1A0
MCALLISTER ST,V1M 2R9
WRIGHT ST,V1M 3T4
HADDEN ST,V1M 1A0
YOUNG AVE,V1M 1A0
RENNIE AVE,V1M 1A0
COPPERBEECH AVE,V1M 1A0
SAILES AVE,V1M 1A0
HOUSTON AVE,V1M 1A0
SENEY PL,V1M 1A0
CRICKMER CRT,V1M 1A0
EDAL ST,V1M 1A0
MARR ST,V1M 1A0
FRENICE CRES,V1M 1A0
GREER ST,V1M 1A0
SMITH PL,V1M 1A0
264 DIVERSION,V4W 2L9
264 DIVERS,V4W 2L7
13 AVE,V4W 2S4
12B AVE,V4W 2P7
269A ST,V4W 2S5
28A AVE,V4W 3A7
265A ST,V4W 3A8
28B AVE,V4W 3A9
265B ST,V4W 3B5
266B ST,V4W 3B2
267B ST,V4W 3B9
31A AVE,V4W 3H7
270B ST,V4W 3C3
270A ST,V4W 3C3
269 ST,V4W 3A2
268A ST,V4W 3B9
82B AVE,V2Y 0S2
27B AVE,V4W 3E5
271A ST,V4W 3V4
25A AVE,V4W 3N6
26B AVE,V4W 3K2
274A ST,V4W 3K4
272B ST,V4W 3K1
273 ST,V4W 3K2
273B ST,V4W 3K3
SPRINGFIELD DR,V4W 3K8
NICHOLAS CRES,V4W 3K9
BRUNEAU PL,V4W 3K9
DAVIS CRES,V4W 3K7
275A ST,V4W 3L4
31 AVE,V4W 3L4
272A ST,V4W 3H8
33 AVE,V4W 3J2
34 AVE,V4W 3H2
271B ST,V4W 3H4
33B AVE,V4W 3H5
ALDER DR,V4W 3G9
MCTAVISH RD,V4X 2C4
59A AVE,V4W 1C3
80A AVE,V2Y 0E2
251A ST,V4W 2S8
260B ST,V4W 2Z6
104 AVE,V3A 3N4
MACKIE LANE,V1M 1A0
252A CRES,V4W 1V1
201B ST,V2Y 3G4
84A AVE,V2Y 0A4
74A AVE,V2Y 3R8
66B AVE,V2Y 2X9
66A AVE,V2Y 2X8
67B AVE,V2Y 2X5
67A AVE,V2Y 2X5
69A AVE,V2Y 2Y2
99A AVE,V1M 3G4
90B AVE,V1M 4C8
216B ST,V1M 4E4
69B AVE,V2Y 3A9
95B AVE,V1M 4E9
81B AVE,V2Y 0B6
WASKA ST,V1M 4G3
JENNY LEWIS AVE,V1M 4G3
CASIMIR ST,V1M 4G2
KANAKA ST,V1M 4G4
BEDFORD TRAIL,V1M 4G6
COULTER CRT,V1M 4G5
SINGH ST,V1M 4G2
MUENCH TRAIL,V1M 4G6
DOUGLAS ST,V1M 4G1
3B AVE,V2Z 0A2
3A AVE,V2Z 0A6
80B AVE,V1M 0C2
232,V2Z 2X1
SIMPSON RD,V4W 2R1
LEFEUVRE RD,V4W 2R1
48,V3A 3N5
202A,V2Y 3J4
